Timestamp,User Count,Type,Name,Requests/s,Failures/s,50%,66%,75%,80%,90%,95%,98%,99%,99.9%,99.99%,100%,Total Request Count,Total Failure Count,Total Median Response Time,Total Average Response Time,Total Min Response Time,Total Max Response Time,Total Average Content Size
1788662623,0,,Aggregated,0.000000,0.000000,N/A,N/A,N/A,N/A,N/A,N/A,N/A,N/A,N/A,N/A,N/A,0,0,0,0.0,0,0,0
1788662624,2,,Aggregated,0.000000,0.000000,460,460,460,460,460,460,460,460,460,460,460,2,0,381.89250009600073,422.2340000560507,381.89250009600073,462.5755000161007,763.5
1788662625,6,,Aggregated,0.000000,0.000000,380,380,460,460,460,460,460,460,460,460,460,4,0,370,352.43170004105195,200.16170002054423,462.5755000161007,510.25
1788662626,8,,Aggregated,0.000000,0.000000,370,370,380,380,460,460,460,460,460,460,460,6,0,200,274.706183350645,41.658899979665875,462.5755000161007,680.3333333333334
1788662627,10,,Aggregated,1.000000,0.000000,210,370,380,380,430,460,460,460,460,460,460,11,0,210,242.6695272707465,15.662599937058985,462.5755000161007,812.4545454545455
1788662628,12,,Aggregated,1.666667,0.000000,170,200,350,370,430,460,460,460,460,460,460,19,0,170,166.4682263202083,13.910499983467162,462.5755000161007,887.8421052631579
1788662629,14,,Aggregated,1.500000,0.000000,42,200,200,350,380,430,460,460,460,460,460,25,0,42,144.97597199864686,13.910499983467162,462.5755000161007,879.48
1788662630,16,,Aggregated,2.800000,0.000000,42,180,200,200,370,430,460,460,460,460,460,33,0,42,124.87117575382757,13.910499983467162,462.5755000161007,845.7272727272727
1788662631,18,,Aggregated,3.500000,0.000000,40,170,180,200,350,380,460,460,460,460,460,42,0,39,110.50265476140859,13.722500065341592,462.5755000161007,889.8095238095239
1788662632,20,,Aggregated,3.857143,0.000000,39,170,180,200,210,380,430,460,460,460,460,52,0,37,102.56000577087084,13.722500065341592,462.5755000161007,900.6538461538462
1788662633,20,,Aggregated,4.375000,0.000000,20,170,180,200,210,370,430,460,460,460,460,62,0,19,96.98978064754498,13.491199933923781,462.5755000161007,928.4677419354839
1788662634,20,,Aggregated,4.777778,0.000000,20,170,180,180,200,370,430,460,460,460,460,72,0,19,96.96829861463306,13.491199933923781,462.5755000161007,916.5555555555555
1788662635,20,,Aggregated,5.300000,0.000000,18,46,180,180,200,350,430,460,460,460,460,81,0,18,87.88517778193187,13.491199933923781,462.5755000161007,938.0864197530864
1788662636,20,,Aggregated,6.200000,0.000000,18,46,180,180,200,350,430,460,460,460,460,94,0,18,84.67960213013787,13.491199933923781,462.5755000161007,939.0
1788662637,20,,Aggregated,7.100000,0.000000,18,42,170,180,200,210,380,430,460,460,460,103,0,18,81.76815631184546,13.491199933923781,462.5755000161007,936.5533980582525
1788662638,20,,Aggregated,7.900000,0.000000,18,42,170,180,200,210,380,430,460,460,460,112,0,18,82.11063303627141,13.491199933923781,462.5755000161007,934.3839285714286
1788662639,20,,Aggregated,8.800000,0.000000,18,46,170,180,200,210,380,430,460,460,460,121,0,18,82.57149339053196,13.491199933923781,462.5755000161007,920.1487603305785
1788662640,20,,Aggregated,9.000000,0.000000,18,170,170,180,190,210,380,430,460,460,460,131,0,18,82.37544045950649,13.491199933923781,462.5755000161007,914.412213740458
1788662641,20,,Aggregated,9.200000,0.000000,19,170,170,180,190,210,380,430,460,460,460,139,0,19,83.11816547216726,13.491199933923781,462.5755000161007,902.273381294964
1788662642,20,,Aggregated,9.500000,0.000000,19,170,170,170,180,200,380,430,460,460,460,149,0,19,82.91221544030904,13.491199933923781,462.5755000161007,893.3691275167786
1788662643,20,,Aggregated,9.600000,0.000000,18,170,170,170,180,200,370,430,460,460,460,159,0,18,80.6510547203826,13.491199933923781,462.5755000161007,901.5849056603773
1788662644,20,,Aggregated,9.800000,0.000000,18,170,170,170,180,200,370,430,460,460,460,170,0,18,79.29430353345678,13.491199933923781,462.5755000161007,893.0470588235294
1788662646,20,,Aggregated,9.700000,0.000000,18,42,170,170,180,200,370,430,460,460,460,180,1,18,76.77452722629015,13.383000041358173,462.5755000161007,902.1833333333333
1788662647,20,,Aggregated,9.700000,0.000000,18,42,170,170,180,200,370,430,460,460,460,189,2,18,76.38242487086072,13.383000041358173,462.5755000161007,904.2910052910053
1788662648,20,,Aggregated,9.500000,0.100000,18,42,170,170,180,200,370,430,460,460,460,199,5,18,76.57392412346867,13.383000041358173,462.5755000161007,908.6884422110553
1788662649,20,,Aggregated,9.500000,0.200000,18,42,170,170,180,200,350,380,460,460,460,209,6,18,75.9703760786187,13.383000041358173,462.5755000161007,916.8421052631579
1788662650,20,,Aggregated,9.500000,0.200000,18,40,170,170,180,200,350,380,460,460,460,221,7,18,74.14421312536253,13.383000041358173,462.5755000161007,924.1266968325792
1788662651,20,,Aggregated,9.400000,0.400000,18,40,170,170,180,200,350,380,460,460,460,228,9,18,73.77153991623537,13.383000041358173,462.5755000161007,934.890350877193
1788662652,20,,Aggregated,9.500000,0.600000,18,40,170,170,180,200,350,380,460,460,460,237,11,18,72.88471308491637,13.383000041358173,462.5755000161007,943.5949367088608
1788662653,20,,Aggregated,9.900000,0.700000,18,40,170,170,180,200,350,380,460,460,460,245,15,18,73.62106449436396,13.383000041358173,462.5755000161007,954.3510204081633
1788662654,20,,Aggregated,9.700000,0.900000,18,39,170,170,180,200,210,380,460,460,460,255,16,18,71.99931098604758,13.383000041358173,462.5755000161007,964.521568627451
1788662655,20,,Aggregated,9.600000,1.500000,18,37,170,170,180,190,210,380,460,460,460,265,19,18,71.70384491020639,13.383000041358173,462.5755000161007,975.7509433962264
1788662656,20,,Aggregated,9.600000,1.600000,18,37,170,170,180,190,210,380,460,460,460,274,22,18,71.60627482166636,13.383000041358173,462.5755000161007,978.7153284671533
1788662657,20,,Aggregated,9.400000,1.900000,18,39,170,170,180,190,210,380,460,460,460,286,27,18,72.0682304248318,13.383000041358173,462.5755000161007,983.6608391608391
1788662658,20,,Aggregated,9.400000,2.100000,18,40,170,170,180,190,210,380,460,460,460,294,30,18,72.17587143353813,13.383000041358173,462.5755000161007,991.9863945578231
1788662659,20,,Aggregated,9.400000,2.100000,18,39,170,170,180,190,210,370,460,460,460,305,33,18,72.18829508733432,13.383000041358173,462.5755000161007,997.6786885245901
1788662660,20,,Aggregated,9.400000,2.500000,18,39,170,170,180,190,210,370,460,460,460,313,36,18,72.27684441394508,13.383000041358173,462.5755000161007,1005.1405750798722
1788662661,20,,Aggregated,9.700000,2.700000,18,40,170,170,180,180,210,370,460,460,460,325,41,18,72.64315723584822,13.383000041358173,462.5755000161007,1010.8246153846154
1788662662,20,,Aggregated,9.700000,2.700000,18,37,170,170,180,180,210,370,460,460,460,334,42,18,71.59867814796402,13.383000041358173,462.5755000161007,1015.3532934131737
1788662663,20,,Aggregated,9.300000,3.200000,18,39,170,170,180,180,210,370,460,460,460,344,46,18,71.82141570245771,13.383000041358173,462.5755000161007,1022.1395348837209
1788662664,20,,Aggregated,9.300000,3.200000,18,24,170,170,180,180,210,370,460,460,460,353,48,18,71.31452606753486,13.383000041358173,462.5755000161007,1025.759206798867
1788662665,20,,Aggregated,9.600000,3.000000,18,39,170,170,180,180,210,370,460,460,460,361,51,18,71.54264543373189,13.383000041358173,462.5755000161007,1031.606648199446
1788662666,20,,Aggregated,9.800000,3.200000,18,40,170,170,180,180,210,370,460,460,460,370,55,18,71.91807973462888,13.383000041358173,462.5755000161007,1038.164864864865
1788662667,20,,Aggregated,9.600000,3.200000,18,39,170,170,180,180,210,370,460,460,460,379,57,18,71.42522823683534,13.383000041358173,462.5755000161007,1045.1134564643799
1788662668,20,,Aggregated,9.600000,3.200000,18,39,170,170,180,180,210,370,460,460,460,390,61,18,71.50032872286363,13.383000041358173,462.5755000161007,1051.571794871795
1788662669,20,,Aggregated,9.200000,3.000000,18,40,170,170,180,180,200,350,460,460,460,402,67,18,72.18139602504995,13.383000041358173,462.5755000161007,1058.181592039801
1788662670,20,,Aggregated,9.700000,3.200000,18,42,170,170,180,180,200,350,460,460,460,408,71,18,72.92924314199755,13.383000041358173,462.5755000161007,1060.0955882352941
1788662671,20,,Aggregated,9.500000,3.300000,18,40,170,170,180,180,200,350,460,460,460,418,73,18,72.31110478968596,13.383000041358173,462.5755000161007,1058.0693779904307
1788662672,20,,Aggregated,9.400000,3.500000,18,41,170,170,180,180,200,350,460,460,460,428,77,18,72.50062804195865,13.383000041358173,462.5755000161007,1062.5257009345794
1788662673,20,,Aggregated,9.400000,3.200000,18,42,170,170,180,180,200,350,460,460,460,436,81,18,72.90366743536401,13.383000041358173,462.5755000161007,1064.6674311926606
1788662674,20,,Aggregated,9.300000,3.400000,18,74,170,170,180,180,200,350,460,460,460,449,88,18,73.73139911350941,13.383000041358173,462.5755000161007,1070.968819599109
1788662675,20,,Aggregated,9.300000,3.400000,18,170,170,170,180,180,200,350,460,460,460,458,93,18,74.31614192509738,13.383000041358173,462.5755000161007,1075.203056768559
1788662676,20,,Aggregated,9.400000,4.000000,18,74,170,170,180,180,200,350,460,460,460,468,95,18,73.75468611498323,13.383000041358173,462.5755000161007,1082.6858974358975
1788662677,20,,Aggregated,9.600000,4.000000,18,74,170,170,180,180,200,350,460,460,460,479,98,18,73.42483048397263,13.383000041358173,462.5755000161007,1085.7933194154489
1788662678,20,,Aggregated,9.700000,4.100000,18,170,170,170,180,180,200,350,460,460,460,488,102,18,73.65775779061417,13.383000041358173,462.5755000161007,1086.6926229508197
1788662679,20,,Aggregated,9.700000,3.900000,18,170,170,170,180,180,200,350,460,460,460,496,107,18,74.34019597126134,13.383000041358173,462.5755000161007,1090.9415322580646
1788662680,20,,Aggregated,9.500000,4.000000,18,170,170,170,180,180,200,330,460,460,460,508,110,18,73.8904413420663,13.383000041358173,462.5755000161007,1093.0748031496064
1788662681,20,,Aggregated,9.500000,4.000000,18,170,170,170,180,180,200,330,460,460,460,518,114,18,73.99077857525401,13.383000041358173,462.5755000161007,1096.081081081081
1788662682,20,,Aggregated,9.800000,3.900000,18,170,170,170,180,180,200,330,460,460,460,530,118,18,73.90270453179255,13.383000041358173,462.5755000161007,1099.1735849056604
1788662683,20,,Aggregated,9.900000,4.000000,18,170,170,170,180,180,200,330,460,460,460,539,123,18,74.41634527219249,13.383000041358173,462.5755000161007,1102.300556586271
